{"cameraMode":{"drawMode":0,"name":"Shaded","section":"Shading Mode"},"sceneLighting":true,"audioPlay":false,"sceneViewState":{"m_AlwaysRefresh":false,"showFog":true,"showSkybox":true,"showFlares":true,"showImageEffects":true,"showParticleSystems":true,"showVisualEffectGraphs":true,"m_FxEnabled":true},"in2DMode":false,"pivot":{"x":10.469320297241211,"y":4.120918273925781,"z":39.50356674194336},"rotation":{"x":-0.17651411890983582,"y":-0.2130996733903885,"z":0.039176419377326968,"w":-0.9601556658744812},"size":50.572288513183597,"orthographic":false}