{"cameraMode":{"drawMode":0,"name":"Shaded","section":"Shading Mode"},"sceneLighting":true,"audioPlay":false,"sceneViewState":{"m_AlwaysRefresh":false,"showFog":true,"showSkybox":true,"showFlares":true,"showImageEffects":true,"showParticleSystems":true,"showVisualEffectGraphs":true,"m_FxEnabled":true},"in2DMode":false,"pivot":{"x":-0.9831407070159912,"y":-0.403949499130249,"z":0.03977322578430176},"rotation":{"x":-0.16361579298973084,"y":0.8254692554473877,"z":-0.30114179849624636,"w":-0.4484926760196686},"size":23.410659790039064,"orthographic":false}