{"cameraMode":{"drawMode":0,"name":"Shaded","section":"Shading Mode"},"sceneLighting":true,"audioPlay":false,"sceneViewState":{"m_AlwaysRefresh":false,"showFog":true,"showSkybox":true,"showFlares":true,"showImageEffects":true,"showParticleSystems":true,"showVisualEffectGraphs":true,"m_FxEnabled":true},"in2DMode":false,"pivot":{"x":-0.5779459476470947,"y":2.3525102138519289,"z":-4.848210334777832},"rotation":{"x":-0.16361579298973084,"y":0.8254692554473877,"z":-0.30114179849624636,"w":-0.4484926760196686},"size":18.412731170654298,"orthographic":false}